Workbook

Sheet Sheet2
A1: STUDENT ID | B1: NAMES | C1: MATHS | D1: SCIENCE | E1: ENGLISH | F1: TOTAL | G1: AVERAGE | H1: RESULT | I1: MAX | J1: MIN | K1: MAX TOTAL | L1: MIN TOTAL | M1: GRADE | N1: NAMES | O1: TOTAL
A2: 101 | B2: Aman | C2: 89 | D2: 81 | E2: 89 | F2: =SUM(C2,D2,E2) -> 259 | G2: =AVERAGE(C2,D2,E2) -> 86.333333 | H2: =IF(C2>=40,"PASS","FAIL") -> PASS | I2: =MAX(C2,E2) -> 89 | J2: =MIN(C2,E2) -> 89 | K2: =MAX(F2:F11) -> 285 | L2: =MIN(F2:F11) -> 253 | M2: =IF(G2>=90,"A+",IF(G2>=80,"A",IF(G2>=70,"B",IF(G2>=60,"C",IF(G2>=50,"D","F"))))) -> A | N2: Aman | O2: =SUM(L2,M2,N2) -> 253
A3: 102 | B3: Pavan | C3: 91 | D3: 85 | E3: 87 | F3: =F2 -> 259 | G3: =AVERAGE(C3,D3,E3) -> 87.666667 | H3: =IF(C3>=40,"PASS","FAIL") -> PASS | I3: =MAX(C3,E3) -> 91 | J3: =MIN(C3,E3) -> 87 | M3: =IF(G2>=90,"A+",IF(G2>=80,"A",IF(G2>=70,"B",IF(G2>=60,"C",IF(G2>=50,"D","F"))))) -> A | N3: Pavan | O3: 263
A4: 103 | B4: Krishna | C4: 78 | D4: 87 | E4: 88 | F4: =SUM(C4,D4,E4) -> 253 | G4: =AVERAGE(C4,D4,E4) -> 84.333333 | H4: =IF(C4>=40,"PASS","FAIL") -> PASS | I4: =MAX(C4,E4) -> 88 | J4: =MIN(C4,E4) -> 78 | M4: =IF(G2>=90,"A+",IF(G2>=80,"A",IF(G2>=70,"B",IF(G2>=60,"C",IF(G2>=50,"D","F"))))) -> A | N4: Krishna | O4: 253
A5: 104 | B5: Anil | C5: 82 | D5: 91 | E5: 84 | F5: =SUM(C5,D5,E5) -> 257 | G5: =AVERAGE(C5,D5,E5) -> 85.666667 | H5: =IF(C5>=40,"PASS","FAIL") -> PASS | I5: =MAX(C5,E5) -> 84 | J5: =MIN(C5,E5) -> 82 | M5: =IF(G5>=90,"A+",IF(G5>=80,"A",IF(G5>=70,"B",IF(G5>=60,"C",IF(G5>=50,"D","F"))))) -> A | N5: Anil | O5: 257
A6: 105 | B6: Prasad | C6: 93 | D6: 95 | E6: 86 | F6: =SUM(C6,D6,E6) -> 274 | G6: =AVERAGE(C6,D6,E6) -> 91.333333 | H6: =IF(C6>=40,"PASS","FAIL") -> PASS | I6: =MAX(C6,E6) -> 93 | J6: =MIN(C6,E6) -> 86 | M6: =IF(G5>=90,"A+",IF(G5>=80,"A",IF(G5>=70,"B",IF(G5>=60,"C",IF(G5>=50,"D","F"))))) -> A | N6: Prasad | O6: 274
A7: 106 | B7: Satya | C7: 94 | D7: 98 | E7: 93 | F7: =SUM(C7,D7,E7) -> 285 | G7: =AVERAGE(C7,D7,E7) -> 95 | H7: =IF(C7>=40,"PASS","FAIL") -> PASS | I7: =MAX(C7,E7) -> 94 | J7: =MIN(C7,E7) -> 93 | M7: =IF(G5>=90,"A+",IF(G5>=80,"A",IF(G5>=70,"B",IF(G5>=60,"C",IF(G5>=50,"D","F"))))) -> A | N7: Satya | O7: 285
A8: 107 | B8: Sappa | C8: 84 | D8: 99 | E8: 95 | F8: =SUM(C8,D8,E8) -> 278 | G8: =AVERAGE(C8,D8,E8) -> 92.666667 | H8: =IF(C8>=40,"PASS","FAIL") -> PASS | I8: =MAX(C8,E8) -> 95 | J8: =MIN(C8,E8) -> 84 | M8: =IF(G8>=90,"A+",IF(G8>=80,"A",IF(G8>=70,"B",IF(G8>=60,"C",IF(G8>=50,"D","F"))))) -> A+ | N8: Sappa | O8: 278
A9: 108 | B9: Ammu | C9: 85 | D9: 87 | E9: 99 | F9: =SUM(C9,D9,E9) -> 271 | G9: =AVERAGE(C9,D9,E9) -> 90.333333 | H9: =IF(C9>=40,"PASS","FAIL") -> PASS | I9: =MAX(C9,E9) -> 99 | J9: =MIN(C9,E9) -> 85 | M9: =IF(G8>=90,"A+",IF(G8>=80,"A",IF(G8>=70,"B",IF(G8>=60,"C",IF(G8>=50,"D","F"))))) -> A+ | N9: Ammu | O9: 271
A10: 109 | B10: Sindhu | C10: 86 | D10: 89 | E10: 92 | F10: =SUM(C10,D10,E10) -> 267 | G10: =AVERAGE(C10,D10,E10) -> 89 | H10: =IF(C10>=40,"PASS","FAIL") -> PASS | I10: =MAX(C10,E10) -> 92 | J10: =MIN(C10,E10) -> 86 | M10: =IF(G8>=90,"A+",IF(G8>=80,"A",IF(G8>=70,"B",IF(G8>=60,"C",IF(G8>=50,"D","F"))))) -> A+ | N10: Sindhu | O10: 267
A11: 110 | B11: Sanjana | C11: 91 | D11: 90 | E11: 88 | F11: =SUM(C11,D11,E11) -> 269 | G11: =AVERAGE(C11,D11,E11) -> 89.666667 | H11: =IF(C11>=40,"PASS","FAIL") -> PASS | I11: =MAX(C11,E11) -> 91 | J11: =MIN(C11,E11) -> 88 | M11: =IF(G11>=90,"A+",IF(G11>=80,"A",IF(G11>=70,"B",IF(G11>=60,"C",IF(G11>=50,"D","F"))))) -> A | N11: Sanjana | O11: 269

Sheet Sheet3
A1: Row Labels | B1: Sum of TOTAL
A2: Aman | B2: 259
A3: Ammu | B3: 271
A4: Anil | B4: 257
A5: Krishna | B5: 253
A6: Pavan | B6: 263
A7: Prasad | B7: 274
A8: Sanjana | B8: 269
A9: Sappa | B9: 278
A10: Satya | B10: 285
A11: Sindhu | B11: 267
A12: Grand Total | B12: 2676

Sheet Dashboard
K1: GRADE SUMMARY
B2: STUDENT MARKS MANAGEMENT SYSTEM | K2: GRADE | L2: COUNT
K3: A+ | L3: =COUNTIF(Sheet2!$M$2:$M$11,"A+") -> 3
B4: Total Students | D4: Class Average | F4: Highest Marks | H4: Lowest marks | K4: A | L4: =COUNTIF(Sheet2!$M$2:$M$11,"A") -> 7
B5: 10 | D5: 89.2 | F5: 285 | H5: 253 | K5: B | L5: =COUNTIF(Sheet2!$M$2:$M$11,"B") -> 0
K6: C | L6: =COUNTIF(Sheet2!$M$2:$M$11,"C") -> 0
K7: F | L7: =COUNTIF(Sheet2!$M$2:$M$11,"F") -> 0
K12: SUB PERFORMANCE
K13: SUBJECT | L13: AVERAGE
K14: Maths | L14: =AVERAGE(Sheet2!C2:C11) -> 87.3
K15: Science | L15: =AVERAGE(Sheet2!D2:D11) -> 90.2
K16: English | L16: =AVERAGE(Sheet2!E2:E11) -> 90.1
B25: Students Passed | D25: Students Failed | F25: Overall Percentage
B26: 10 | D26: 0 | F26: =AVERAGE(Sheet2!G2:G11) -> 89.2
D30: 0

Sheet Sheet1
